{"loss": [4.721892833709717, 4.235635757446289, 4.011176586151123, 3.8796589374542236, 3.769063711166382, 3.681173801422119, 3.595698833465576, 3.518552303314209, 3.443364381790161, 3.3598883152008057, 3.303267240524292, 3.214106559753418, 3.145906448364258, 3.0774357318878174, 3.019657611846924, 2.9345436096191406, 2.8745977878570557, 2.802982807159424, 2.7626497745513916, 2.711665153503418, 2.683119297027588, 2.6220967769622803, 2.5905086994171143, 2.545398712158203, 2.509427785873413, 2.483583688735962, 2.468636989593506, 2.4473867416381836, 2.431663751602173, 2.4377174377441406], "accuracy": [0.024678217247128487, 0.0641336664557457, 0.09669554233551025, 0.11675742268562317, 0.1331559419631958, 0.15176980197429657, 0.16600248217582703, 0.17891089618206024, 0.19094058871269226, 0.20680692791938782, 0.21764852106571198, 0.2358292043209076, 0.249232679605484, 0.2629084289073944, 0.2780816853046417, 0.29190593957901, 0.30616337060928345, 0.31971535086631775, 0.3279702961444855, 0.3384653329849243, 0.3467450439929962, 0.3602103888988495, 0.366188108921051, 0.376398503780365, 0.38533416390419006, 0.39134901762008667, 0.3959406018257141, 0.39866337180137634, 0.4093688130378723, 0.406881183385849], "val_loss": [4.331084251403809, 4.014857292175293, 3.9209415912628174, 3.889862298965454, 3.7728757858276367, 3.779447555541992, 3.8332676887512207, 3.7206661701202393, 3.659780979156494, 3.788039445877075, 3.781256914138794, 3.923671245574951, 3.995088815689087, 3.9838709831237793, 3.877713203430176, 3.8458516597747803, 4.001628398895264, 4.104334354400635, 4.019004821777344, 3.9923365116119385, 4.07164192199707, 4.246742248535156, 4.4204630851745605, 4.029483795166016, 4.695402145385742, 4.04597282409668, 4.457387447357178, 4.506230354309082, 4.890951633453369, 4.495966911315918], "val_accuracy": [0.04554681107401848, 0.09267785400152206, 0.11203525215387344, 0.11322342604398727, 0.13500668108463287, 0.1354522556066513, 0.14362096786499023, 0.14777959883213043, 0.15560176968574524, 0.14678944647312164, 0.15188871324062347, 0.14515569806098938, 0.15609683096408844, 0.12931333482265472, 0.15352244675159454, 0.1507500410079956, 0.13371948897838593, 0.12847170233726501, 0.13698698580265045, 0.14371998608112335, 0.14763106405735016, 0.12901629507541656, 0.11609485745429993, 0.1374325454235077, 0.13881875574588776, 0.12782810628414154, 0.1366899311542511, 0.1397593915462494, 0.14050200581550598, 0.12644189596176147]}